Country ISO3,Country Name,Indicator Id,Indicator,Subindicator Type,2010,2011,2015
AFG,Afghanistan,24703,Active mobile-broadband subscriptions per 100 inhabitants,Value,,,6
AFG,Afghanistan,24719,Country rank and value in the ITU ICT Development Index,Value,,,1.6
AFG,Afghanistan,24720,Country rank and value in the ITU ICT Development Index,Rank,,,162
AGO,Angola,24703,Active mobile-broadband subscriptions per 100 inhabitants,Value,,,19.3
AGO,Angola,24719,Country rank and value in the ITU ICT Development Index,Value,,,2
AGO,Angola,24720,Country rank and value in the ITU ICT Development Index,Rank,,,152
ALB,Albania,24703,Active mobile-broadband subscriptions per 100 inhabitants,Value,,,40.6
ALB,Albania,24719,Country rank and value in the ITU ICT Development Index,Value,,,4.6
ALB,Albania,24720,Country rank and value in the ITU ICT Development Index,Rank,,,92
AND,Andorra,24703,Active mobile-broadband subscriptions per 100 inhabitants,Value,,,42.1
AND,Andorra,24719,Country rank and value in the ITU ICT Development Index,Value,,,7.4
AND,Andorra,24720,Country rank and value in the ITU ICT Development Index,Rank,,,29
ARE,United Arab Emirates,24703,Active mobile-broadband subscriptions per 100 inhabitants,Value,,,92
ARE,United Arab Emirates,24719,Country rank and value in the ITU ICT Development Index,Value,,,7
ARE,United Arab Emirates,24720,Country rank and value in the ITU ICT Development Index,Rank,,,35
ARG,Argentina,24703,Active mobile-broadband subscriptions per 100 inhabitants,Value,,,67.3
ARG,Argentina,24719,Country rank and value in the ITU ICT Development Index,Value,,,6.2
ARG,Argentina,24720,Country rank and value in the ITU ICT Development Index,Rank,,,56
ARM,Armenia,24703,Active mobile-broadband subscriptions per 100 inhabitants,Value,,,41.3
ARM,Armenia,24719,Country rank and value in the ITU ICT Development Index,Value,,,5.3
ARM,Armenia,24720,Country rank and value in the ITU ICT Development Index,Rank,,,71
ATG,Antigua and Barbuda,24703,Active mobile-broadband subscriptions per 100 inhabitants,Value,,,33.8
ATG,Antigua and Barbuda,24719,Country rank and value in the ITU ICT Development Index,Value,,,5.4
ATG,Antigua and Barbuda,24720,Country rank and value in the ITU ICT Development Index,Rank,,,70
AUS,Australia,24703,Active mobile-broadband subscriptions per 100 inhabitants,Value,,,112.9
AUS,Australia,24719,Country rank and value in the ITU ICT Development Index,Value,,,8.2
AUS,Australia,24720,Country rank and value in the ITU ICT Development Index,Rank,,,12
AUT,Austria,24703,Active mobile-broadband subscriptions per 100 inhabitants,Value,,,68.6
AUT,Austria,24719,Country rank and value in the ITU ICT Development Index,Value,,,7.5
AUT,Austria,24720,Country rank and value in the ITU ICT Development Index,Rank,,,24
AZE,Azerbaijan,24703,Active mobile-broadband subscriptions per 100 inhabitants,Value,,,60.9
AZE,Azerbaijan,24719,Country rank and value in the ITU ICT Development Index,Value,,,6.2
AZE,Azerbaijan,24720,Country rank and value in the ITU ICT Development Index,Rank,,,55
BDI,Burundi,24703,Active mobile-broadband subscriptions per 100 inhabitants,Value,,,7.6
BDI,Burundi,24719,Country rank and value in the ITU ICT Development Index,Value,,,1.2
BDI,Burundi,24720,Country rank and value in the ITU ICT Development Index,Rank,,,173
BEL,Belgium,24703,Active mobile-broadband subscriptions per 100 inhabitants,Value,,,66.6
BEL,Belgium,24719,Country rank and value in the ITU ICT Development Index,Value,,,7.7
BEL,Belgium,24720,Country rank and value in the ITU ICT Development Index,Rank,,,22
BEN,Benin,24703,Active mobile-broadband subscriptions per 100 inhabitants,Value,,,4.2
BEN,Benin,24719,Country rank and value in the ITU ICT Development Index,Value,,,1.8
BEN,Benin,24720,Country rank and value in the ITU ICT Development Index,Rank,,,156
BFA,Burkina Faso,24703,Active mobile-broadband subscriptions per 100 inhabitants,Value,,,15.4
BFA,Burkina Faso,24719,Country rank and value in the ITU ICT Development Index,Value,,,1.6
BFA,Burkina Faso,24720,Country rank and value in the ITU ICT Development Index,Rank,,,164
BGD,Bangladesh,24703,Active mobile-broadband subscriptions per 100 inhabitants,Value,,,13.5
BGD,Bangladesh,24719,Country rank and value in the ITU ICT Development Index,Value,,,2.3
BGD,Bangladesh,24720,Country rank and value in the ITU ICT Development Index,Rank,,,143
BGR,Bulgaria,24703,Active mobile-broadband subscriptions per 100 inhabitants,Value,,,81.3
BGR,Bulgaria,24719,Country rank and value in the ITU ICT Development Index,Value,,,6.4
BGR,Bulgaria,24720,Country rank and value in the ITU ICT Development Index,Rank,,,50
BHR,Bahrain,24703,Active mobile-broadband subscriptions per 100 inhabitants,Value,,,131.8
BHR,Bahrain,24719,Country rank and value in the ITU ICT Development Index,Value,,,7.4
BHR,Bahrain,24720,Country rank and value in the ITU ICT Development Index,Rank,,,28
BHS,"Bahamas, The",24703,Active mobile-broadband subscriptions per 100 inhabitants,Value,,,21.1
BHS,"Bahamas, The",24719,Country rank and value in the ITU ICT Development Index,Value,,,5.8
BHS,"Bahamas, The",24720,Country rank and value in the ITU ICT Development Index,Rank,,,63
BIH,Bosnia and Herzegovina,24703,Active mobile-broadband subscriptions per 100 inhabitants,Value,,,33.5
BIH,Bosnia and Herzegovina,24719,Country rank and value in the ITU ICT Development Index,Value,,,5
BIH,Bosnia and Herzegovina,24720,Country rank and value in the ITU ICT Development Index,Rank,,,80
BLR,Belarus,24703,Active mobile-broadband subscriptions per 100 inhabitants,Value,,,61.8
BLR,Belarus,24719,Country rank and value in the ITU ICT Development Index,Value,,,7
BLR,Belarus,24720,Country rank and value in the ITU ICT Development Index,Rank,,,33
BLZ,Belize,24703,Active mobile-broadband subscriptions per 100 inhabitants,Value,,,30.2
BLZ,Belize,24719,Country rank and value in the ITU ICT Development Index,Value,,,3.3
BLZ,Belize,24720,Country rank and value in the ITU ICT Development Index,Rank,,,119
BOL,Bolivia,24703,Active mobile-broadband subscriptions per 100 inhabitants,Value,,,33.8
BOL,Bolivia,24719,Country rank and value in the ITU ICT Development Index,Value,,,3.5
BOL,Bolivia,24720,Country rank and value in the ITU ICT Development Index,Rank,,,117
BRA,Brazil,24703,Active mobile-broadband subscriptions per 100 inhabitants,Value,,,88.6
BRA,Brazil,24704,"Mobile-cellular monthly subscription charge, in USD",USD,19.9,,
BRA,Brazil,24719,Country rank and value in the ITU ICT Development Index,Value,,,5.7
BRA,Brazil,24720,Country rank and value in the ITU ICT Development Index,Rank,,,65
BRB,Barbados,24703,Active mobile-broadband subscriptions per 100 inhabitants,Value,,,54.9
BRB,Barbados,24719,Country rank and value in the ITU ICT Development Index,Value,,,6.9
BRB,Barbados,24720,Country rank and value in the ITU ICT Development Index,Rank,,,39
BRN,Brunei Darussalam,24703,Active mobile-broadband subscriptions per 100 inhabitants,Value,,,4.5
BRN,Brunei Darussalam,24719,Country rank and value in the ITU ICT Development Index,Value,,,5.3
BRN,Brunei Darussalam,24720,Country rank and value in the ITU ICT Development Index,Rank,,,74
BTN,Bhutan,24703,Active mobile-broadband subscriptions per 100 inhabitants,Value,,,56.4
BTN,Bhutan,24719,Country rank and value in the ITU ICT Development Index,Value,,,3.1
BTN,Bhutan,24720,Country rank and value in the ITU ICT Development Index,Rank,,,122
BWA,Botswana,24703,Active mobile-broadband subscriptions per 100 inhabitants,Value,,,67.3
BWA,Botswana,24719,Country rank and value in the ITU ICT Development Index,Value,,,3.8
BWA,Botswana,24720,Country rank and value in the ITU ICT Development Index,Rank,,,109
CAN,Canada,24703,Active mobile-broadband subscriptions per 100 inhabitants,Value,,,56.3
CAN,Canada,24719,Country rank and value in the ITU ICT Development Index,Value,,,7.6
CAN,Canada,24720,Country rank and value in the ITU ICT Development Index,Rank,,,23
CHE,Switzerland,24703,Active mobile-broadband subscriptions per 100 inhabitants,Value,,,97.6
CHE,Switzerland,24719,Country rank and value in the ITU ICT Development Index,Value,,,8.5
CHE,Switzerland,24720,Country rank and value in the ITU ICT Development Index,Rank,,,5
CHL,Chile,24703,Active mobile-broadband subscriptions per 100 inhabitants,Value,,,57.6
CHL,Chile,24719,Country rank and value in the ITU ICT Development Index,Value,,,6.1
CHL,Chile,24720,Country rank and value in the ITU ICT Development Index,Rank,,,57
CHN,China,24703,Active mobile-broadband subscriptions per 100 inhabitants,Value,,,56
CHN,China,24719,Country rank and value in the ITU ICT Development Index,Value,,,4.8
CHN,China,24720,Country rank and value in the ITU ICT Development Index,Rank,,,84
CIV,Cote d'Ivoire,24703,Active mobile-broadband subscriptions per 100 inhabitants,Value,,,40.4
CIV,Cote d'Ivoire,24719,Country rank and value in the ITU ICT Development Index,Value,,,2.4
CIV,Cote d'Ivoire,24720,Country rank and value in the ITU ICT Development Index,Rank,,,139
CMR,Cameroon,24703,Active mobile-broadband subscriptions per 100 inhabitants,Value,,,4.3
CMR,Cameroon,24719,Country rank and value in the ITU ICT Development Index,Value,,,2.1
CMR,Cameroon,24720,Country rank and value in the ITU ICT Development Index,Rank,,,146
COD,"Congo, Dem. Rep.",24703,Active mobile-broadband subscriptions per 100 inhabitants,Value,,,8.5
COD,"Congo, Dem. Rep.",24719,Country rank and value in the ITU ICT Development Index,Value,,,1.5
COD,"Congo, Dem. Rep.",24720,Country rank and value in the ITU ICT Development Index,Rank,,,169
COL,Colombia,24703,Active mobile-broadband subscriptions per 100 inhabitants,Value,,,41
COL,Colombia,24719,Country rank and value in the ITU ICT Development Index,Value,,,5
COL,Colombia,24720,Country rank and value in the ITU ICT Development Index,Rank,,,81
CPV,Cabo Verde,24703,Active mobile-broadband subscriptions per 100 inhabitants,Value,,,72.9
CPV,Cabo Verde,24719,Country rank and value in the ITU ICT Development Index,Value,,,4.2
CPV,Cabo Verde,24720,Country rank and value in the ITU ICT Development Index,Rank,,,99
CRI,Costa Rica,24703,Active mobile-broadband subscriptions per 100 inhabitants,Value,,,95.5
CRI,Costa Rica,24719,Country rank and value in the ITU ICT Development Index,Value,,,6
CRI,Costa Rica,24720,Country rank and value in the ITU ICT Development Index,Rank,,,59
CUB,Cuba,24703,Active mobile-broadband subscriptions per 100 inhabitants,Value,,,0
CUB,Cuba,24719,Country rank and value in the ITU ICT Development Index,Value,,,2.6
CUB,Cuba,24720,Country rank and value in the ITU ICT Development Index,Rank,,,133
CUW,Curacao,24703,Active mobile-broadband subscriptions per 100 inhabitants,Value,,,45.6
CYP,Cyprus,24703,Active mobile-broadband subscriptions per 100 inhabitants,Value,,,54.8
CYP,Cyprus,24719,Country rank and value in the ITU ICT Development Index,Value,,,6.3
CYP,Cyprus,24720,Country rank and value in the ITU ICT Development Index,Rank,,,53
CZE,Czech Republic,24703,Active mobile-broadband subscriptions per 100 inhabitants,Value,,,68.8
CZE,Czech Republic,24719,Country rank and value in the ITU ICT Development Index,Value,,,7.2
CZE,Czech Republic,24720,Country rank and value in the ITU ICT Development Index,Rank,,,31
DEU,Germany,24703,Active mobile-broadband subscriptions per 100 inhabitants,Value,,,75.1
DEU,Germany,24719,Country rank and value in the ITU ICT Development Index,Value,,,8.1
DEU,Germany,24720,Country rank and value in the ITU ICT Development Index,Rank,,,13
DJI,Djibouti,24703,Active mobile-broadband subscriptions per 100 inhabitants,Value,,,5.6
DJI,Djibouti,24719,Country rank and value in the ITU ICT Development Index,Value,,,1.7
DJI,Djibouti,24720,Country rank and value in the ITU ICT Development Index,Rank,,,160
DMA,Dominica,24703,Active mobile-broadband subscriptions per 100 inhabitants,Value,,,42.2
DMA,Dominica,24719,Country rank and value in the ITU ICT Development Index,Value,,,5.1
DMA,Dominica,24720,Country rank and value in the ITU ICT Development Index,Rank,,,77
DNK,Denmark,24703,Active mobile-broadband subscriptions per 100 inhabitants,Value,,,116.8
DNK,Denmark,24719,Country rank and value in the ITU ICT Development Index,Value,,,8.8
DNK,Denmark,24720,Country rank and value in the ITU ICT Development Index,Rank,,,2
DOM,Dominican Republic,24703,Active mobile-broadband subscriptions per 100 inhabitants,Value,,,39.6
DOM,Dominican Republic,24719,Country rank and value in the ITU ICT Development Index,Value,,,4
DOM,Dominican Republic,24720,Country rank and value in the ITU ICT Development Index,Rank,,,104
DZA,Algeria,24703,Active mobile-broadband subscriptions per 100 inhabitants,Value,,,40.1
DZA,Algeria,24719,Country rank and value in the ITU ICT Development Index,Value,,,3.7
DZA,Algeria,24720,Country rank and value in the ITU ICT Development Index,Rank,,,112
ECU,Ecuador,24703,Active mobile-broadband subscriptions per 100 inhabitants,Value,,,35.1
ECU,Ecuador,24719,Country rank and value in the ITU ICT Development Index,Value,,,4.5
ECU,Ecuador,24720,Country rank and value in the ITU ICT Development Index,Rank,,,94
EGY,"Egypt, Arab Rep.",24703,Active mobile-broadband subscriptions per 100 inhabitants,Value,,,50.7
EGY,"Egypt, Arab Rep.",24719,Country rank and value in the ITU ICT Development Index,Value,,,4.3
EGY,"Egypt, Arab Rep.",24720,Country rank and value in the ITU ICT Development Index,Rank,,,97
ESP,Spain,24703,Active mobile-broadband subscriptions per 100 inhabitants,Value,,,82.1
ESP,Spain,24719,Country rank and value in the ITU ICT Development Index,Value,,,7.5
ESP,Spain,24720,Country rank and value in the ITU ICT Development Index,Rank,,,27
EST,Estonia,24703,Active mobile-broadband subscriptions per 100 inhabitants,Value,,,114.3
EST,Estonia,24719,Country rank and value in the ITU ICT Development Index,Value,,,8
EST,Estonia,24720,Country rank and value in the ITU ICT Development Index,Rank,,,18
ETH,Ethiopia,24703,Active mobile-broadband subscriptions per 100 inhabitants,Value,,,11.9
ETH,Ethiopia,24719,Country rank and value in the ITU ICT Development Index,Value,,,1.3
ETH,Ethiopia,24720,Country rank and value in the ITU ICT Development Index,Rank,,,172
FIN,Finland,24703,Active mobile-broadband subscriptions per 100 inhabitants,Value,,,144.1
FIN,Finland,24719,Country rank and value in the ITU ICT Development Index,Value,,,8.1
FIN,Finland,24720,Country rank and value in the ITU ICT Development Index,Rank,,,14
FJI,Fiji,24703,Active mobile-broadband subscriptions per 100 inhabitants,Value,,,48.2
FJI,Fiji,24719,Country rank and value in the ITU ICT Development Index,Value,,,4.2
FJI,Fiji,24720,Country rank and value in the ITU ICT Development Index,Rank,,,102
FRA,France,24703,Active mobile-broadband subscriptions per 100 inhabitants,Value,,,74.7
FRA,France,24719,Country rank and value in the ITU ICT Development Index,Value,,,8
FRA,France,24720,Country rank and value in the ITU ICT Development Index,Rank,,,17
GAB,Gabon,24703,Active mobile-broadband subscriptions per 100 inhabitants,Value,,,33.1
GAB,Gabon,24719,Country rank and value in the ITU ICT Development Index,Value,,,2.8
GAB,Gabon,24720,Country rank and value in the ITU ICT Development Index,Rank,,,126
GBR,United Kingdom,24703,Active mobile-broadband subscriptions per 100 inhabitants,Value,,,87.8
GBR,United Kingdom,24719,Country rank and value in the ITU ICT Development Index,Value,,,8.5
GBR,United Kingdom,24720,Country rank and value in the ITU ICT Development Index,Rank,,,4
GEO,Georgia,24703,Active mobile-broadband subscriptions per 100 inhabitants,Value,,,50.4
GEO,Georgia,24719,Country rank and value in the ITU ICT Development Index,Value,,,5.3
GEO,Georgia,24720,Country rank and value in the ITU ICT Development Index,Rank,,,72
GHA,Ghana,24703,Active mobile-broadband subscriptions per 100 inhabitants,Value,,,66.8
GHA,Ghana,24719,Country rank and value in the ITU ICT Development Index,Value,,,3.8
GHA,Ghana,24720,Country rank and value in the ITU ICT Development Index,Rank,,,111
GIN,Guinea,24703,Active mobile-broadband subscriptions per 100 inhabitants,Value,,,13.9
GIN,Guinea,24719,Country rank and value in the ITU ICT Development Index,Value,,,1.6
GIN,Guinea,24720,Country rank and value in the ITU ICT Development Index,Rank,,,166
GMB,"Gambia, The",24703,Active mobile-broadband subscriptions per 100 inhabitants,Value,,,10
GMB,"Gambia, The",24719,Country rank and value in the ITU ICT Development Index,Value,,,2.4
GMB,"Gambia, The",24720,Country rank and value in the ITU ICT Development Index,Rank,,,141
GNB,Guinea-Bissau,24703,Active mobile-broadband subscriptions per 100 inhabitants,Value,,,0
GNB,Guinea-Bissau,24719,Country rank and value in the ITU ICT Development Index,Value,,,1.3
GNB,Guinea-Bissau,24720,Country rank and value in the ITU ICT Development Index,Rank,,,171
GNQ,Equatorial Guinea,24703,Active mobile-broadband subscriptions per 100 inhabitants,Value,,,0
GNQ,Equatorial Guinea,24719,Country rank and value in the ITU ICT Development Index,Value,,,1.8
GNQ,Equatorial Guinea,24720,Country rank and value in the ITU ICT Development Index,Rank,,,157
GRC,Greece,24703,Active mobile-broadband subscriptions per 100 inhabitants,Value,,,45.6
GRC,Greece,24719,Country rank and value in the ITU ICT Development Index,Value,,,6.9
GRC,Greece,24720,Country rank and value in the ITU ICT Development Index,Rank,,,40
GRD,Grenada,24703,Active mobile-broadband subscriptions per 100 inhabitants,Value,,,28.8
GRD,Grenada,24719,Country rank and value in the ITU ICT Development Index,Value,,,5
GRD,Grenada,24720,Country rank and value in the ITU ICT Development Index,Rank,,,82
GTM,Guatemala,24703,Active mobile-broadband subscriptions per 100 inhabitants,Value,,,10.1
GTM,Guatemala,24719,Country rank and value in the ITU ICT Development Index,Value,,,3.1
GTM,Guatemala,24720,Country rank and value in the ITU ICT Development Index,Rank,,,123
GUY,Guyana,24703,Active mobile-broadband subscriptions per 100 inhabitants,Value,,,0.2
GUY,Guyana,24719,Country rank and value in the ITU ICT Development Index,Value,,,2.4
GUY,Guyana,24720,Country rank and value in the ITU ICT Development Index,Rank,,,118
HKG,"Hong Kong SAR, China",24703,Active mobile-broadband subscriptions per 100 inhabitants,Value,,,107
HKG,"Hong Kong SAR, China",24719,Country rank and value in the ITU ICT Development Index,Value,,,8.4
HKG,"Hong Kong SAR, China",24720,Country rank and value in the ITU ICT Development Index,Rank,,,7
HND,Honduras,24703,Active mobile-broadband subscriptions per 100 inhabitants,Value,,,17.2
HND,Honduras,24719,Country rank and value in the ITU ICT Development Index,Value,,,3
HND,Honduras,24720,Country rank and value in the ITU ICT Development Index,Rank,,,124
HRV,Croatia,24703,Active mobile-broadband subscriptions per 100 inhabitants,Value,,,75.4
HRV,Croatia,24719,Country rank and value in the ITU ICT Development Index,Value,,,6.8
HRV,Croatia,24720,Country rank and value in the ITU ICT Development Index,Rank,,,41
HTI,Haiti,24703,Active mobile-broadband subscriptions per 100 inhabitants,Value,,,0.2
HUN,Hungary,24703,Active mobile-broadband subscriptions per 100 inhabitants,Value,,,39.8
HUN,Hungary,24719,Country rank and value in the ITU ICT Development Index,Value,,,6.6
HUN,Hungary,24720,Country rank and value in the ITU ICT Development Index,Rank,,,46
IDN,Indonesia,24703,Active mobile-broadband subscriptions per 100 inhabitants,Value,,,42
IDN,Indonesia,24719,Country rank and value in the ITU ICT Development Index,Value,,,3.6
IDN,Indonesia,24720,Country rank and value in the ITU ICT Development Index,Rank,,,115
IND,India,24703,Active mobile-broadband subscriptions per 100 inhabitants,Value,,,9.4
IND,India,24719,Country rank and value in the ITU ICT Development Index,Value,,,2.5
IND,India,24720,Country rank and value in the ITU ICT Development Index,Rank,,,135
IRL,Ireland,24703,Active mobile-broadband subscriptions per 100 inhabitants,Value,,,95
IRL,Ireland,24719,Country rank and value in the ITU ICT Development Index,Value,,,7.7
IRL,Ireland,24720,Country rank and value in the ITU ICT Development Index,Rank,,,21
IRN,"Iran, Islamic Rep.",24703,Active mobile-broadband subscriptions per 100 inhabitants,Value,,,20
IRN,"Iran, Islamic Rep.",24719,Country rank and value in the ITU ICT Development Index,Value,,,4.7
IRN,"Iran, Islamic Rep.",24720,Country rank and value in the ITU ICT Development Index,Rank,,,90
IRQ,Iraq,24703,Active mobile-broadband subscriptions per 100 inhabitants,Value,,,3.6
ISL,Iceland,24703,Active mobile-broadband subscriptions per 100 inhabitants,Value,,,93.4
ISL,Iceland,24719,Country rank and value in the ITU ICT Development Index,Value,,,8.7
ISL,Iceland,24720,Country rank and value in the ITU ICT Development Index,Rank,,,3
ISR,Israel,24703,Active mobile-broadband subscriptions per 100 inhabitants,Value,,,56.1
ISR,Israel,24719,Country rank and value in the ITU ICT Development Index,Value,,,7.3
ISR,Israel,24720,Country rank and value in the ITU ICT Development Index,Rank,,,30
ITA,Italy,24703,Active mobile-broadband subscriptions per 100 inhabitants,Value,,,82.1
ITA,Italy,24719,Country rank and value in the ITU ICT Development Index,Value,,,6.9
ITA,Italy,24720,Country rank and value in the ITU ICT Development Index,Rank,,,36
JAM,Jamaica,24703,Active mobile-broadband subscriptions per 100 inhabitants,Value,,,53.5
JAM,Jamaica,24719,Country rank and value in the ITU ICT Development Index,Value,,,4.2
JAM,Jamaica,24720,Country rank and value in the ITU ICT Development Index,Rank,,,101
JOR,Jordan,24703,Active mobile-broadband subscriptions per 100 inhabitants,Value,,,35.6
JOR,Jordan,24719,Country rank and value in the ITU ICT Development Index,Value,,,4.7
JOR,Jordan,24720,Country rank and value in the ITU ICT Development Index,Rank,,,89
JPN,Japan,24703,Active mobile-broadband subscriptions per 100 inhabitants,Value,,,126.4
JPN,Japan,24704,"Mobile-cellular monthly subscription charge, in USD",USD,,24.6,
JPN,Japan,24719,Country rank and value in the ITU ICT Development Index,Value,,,8.3
JPN,Japan,24720,Country rank and value in the ITU ICT Development Index,Rank,,,11
KAZ,Kazakhstan,24703,Active mobile-broadband subscriptions per 100 inhabitants,Value,,,60
KAZ,Kazakhstan,24719,Country rank and value in the ITU ICT Development Index,Value,,,6.4
KAZ,Kazakhstan,24720,Country rank and value in the ITU ICT Development Index,Rank,,,52
KEN,Kenya,24703,Active mobile-broadband subscriptions per 100 inhabitants,Value,,,15.5
KEN,Kenya,24719,Country rank and value in the ITU ICT Development Index,Value,,,2.8
KEN,Kenya,24720,Country rank and value in the ITU ICT Development Index,Rank,,,129
KGZ,Kyrgyz Republic,24703,Active mobile-broadband subscriptions per 100 inhabitants,Value,,,31
KGZ,Kyrgyz Republic,24719,Country rank and value in the ITU ICT Development Index,Value,,,3.9
KGZ,Kyrgyz Republic,24720,Country rank and value in the ITU ICT Development Index,Rank,,,108
KHM,Cambodia,24703,Active mobile-broadband subscriptions per 100 inhabitants,Value,,,42.8
KHM,Cambodia,24719,Country rank and value in the ITU ICT Development Index,Value,,,2.8
KHM,Cambodia,24720,Country rank and value in the ITU ICT Development Index,Rank,,,127
KIR,Kiribati,24703,Active mobile-broadband subscriptions per 100 inhabitants,Value,,,0.3
KIR,Kiribati,24719,Country rank and value in the ITU ICT Development Index,Value,,,2.1
KIR,Kiribati,24720,Country rank and value in the ITU ICT Development Index,Rank,,,147
KNA,St. Kitts and Nevis,24703,Active mobile-broadband subscriptions per 100 inhabitants,Value,,,71
KNA,St. Kitts and Nevis,24719,Country rank and value in the ITU ICT Development Index,Value,,,6.2
KNA,St. Kitts and Nevis,24720,Country rank and value in the ITU ICT Development Index,Rank,,,54
KOR,"Korea, Rep.",24703,Active mobile-broadband subscriptions per 100 inhabitants,Value,,,109.7
KOR,"Korea, Rep.",24719,Country rank and value in the ITU ICT Development Index,Value,,,8.8
KOR,"Korea, Rep.",24720,Country rank and value in the ITU ICT Development Index,Rank,,,1
KWT,Kuwait,24703,Active mobile-broadband subscriptions per 100 inhabitants,Value,,,139.3
KWT,Kuwait,24719,Country rank and value in the ITU ICT Development Index,Value,,,6.5
KWT,Kuwait,24720,Country rank and value in the ITU ICT Development Index,Rank,,,48
LAO,Lao PDR,24703,Active mobile-broadband subscriptions per 100 inhabitants,Value,,,14.2
LAO,Lao PDR,24719,Country rank and value in the ITU ICT Development Index,Value,,,2.2
LAO,Lao PDR,24720,Country rank and value in the ITU ICT Development Index,Rank,,,144
LBN,Lebanon,24703,Active mobile-broadband subscriptions per 100 inhabitants,Value,,,53.4
LBN,Lebanon,24719,Country rank and value in the ITU ICT Development Index,Value,,,5.9
LBN,Lebanon,24720,Country rank and value in the ITU ICT Development Index,Rank,,,61
LBR,Liberia,24703,Active mobile-broadband subscriptions per 100 inhabitants,Value,,,20.5
LBR,Liberia,24719,Country rank and value in the ITU ICT Development Index,Value,,,1.7
LBR,Liberia,24720,Country rank and value in the ITU ICT Development Index,Rank,,,161
LCA,St. Lucia,24703,Active mobile-broadband subscriptions per 100 inhabitants,Value,,,33.6
LCA,St. Lucia,24719,Country rank and value in the ITU ICT Development Index,Value,,,4.7
LCA,St. Lucia,24720,Country rank and value in the ITU ICT Development Index,Rank,,,87
LIE,Liechtenstein,24703,Active mobile-broadband subscriptions per 100 inhabitants,Value,,,101.4
LKA,Sri Lanka,24703,Active mobile-broadband subscriptions per 100 inhabitants,Value,,,15.8
LKA,Sri Lanka,24719,Country rank and value in the ITU ICT Development Index,Value,,,3.6
LKA,Sri Lanka,24720,Country rank and value in the ITU ICT Development Index,Rank,,,116
LSO,Lesotho,24703,Active mobile-broadband subscriptions per 100 inhabitants,Value,,,37.7
LSO,Lesotho,24719,Country rank and value in the ITU ICT Development Index,Value,,,2.5
LSO,Lesotho,24720,Country rank and value in the ITU ICT Development Index,Rank,,,138
LTU,Lithuania,24703,Active mobile-broadband subscriptions per 100 inhabitants,Value,,,74.2
LTU,Lithuania,24719,Country rank and value in the ITU ICT Development Index,Value,,,7
LTU,Lithuania,24720,Country rank and value in the ITU ICT Development Index,Rank,,,34
LUX,Luxembourg,24703,Active mobile-broadband subscriptions per 100 inhabitants,Value,,,83.3
LUX,Luxembourg,24719,Country rank and value in the ITU ICT Development Index,Value,,,8.3
LUX,Luxembourg,24720,Country rank and value in the ITU ICT Development Index,Rank,,,10
LVA,Latvia,24703,Active mobile-broadband subscriptions per 100 inhabitants,Value,,,67
LVA,Latvia,24719,Country rank and value in the ITU ICT Development Index,Value,,,6.9
LVA,Latvia,24720,Country rank and value in the ITU ICT Development Index,Rank,,,37
MAC,"Macao SAR, China",24703,Active mobile-broadband subscriptions per 100 inhabitants,Value,,,324.4
MAC,"Macao SAR, China",24719,Country rank and value in the ITU ICT Development Index,Value,,,7.5
MAC,"Macao SAR, China",24720,Country rank and value in the ITU ICT Development Index,Rank,,,26
MAR,Morocco,24703,Active mobile-broadband subscriptions per 100 inhabitants,Value,,,39.3
MAR,Morocco,24719,Country rank and value in the ITU ICT Development Index,Value,,,4.3
MAR,Morocco,24720,Country rank and value in the ITU ICT Development Index,Rank,,,98
MCO,Monaco,24703,Active mobile-broadband subscriptions per 100 inhabitants,Value,,,65.2
MCO,Monaco,24719,Country rank and value in the ITU ICT Development Index,Value,,,7.9
MCO,Monaco,24720,Country rank and value in the ITU ICT Development Index,Rank,,,20
MDA,Moldova,24703,Active mobile-broadband subscriptions per 100 inhabitants,Value,,,51.9
MDA,Moldova,24719,Country rank and value in the ITU ICT Development Index,Value,,,5.6
MDA,Moldova,24720,Country rank and value in the ITU ICT Development Index,Rank,,,67
MDG,Madagascar,24703,Active mobile-broadband subscriptions per 100 inhabitants,Value,,,9
MDG,Madagascar,24719,Country rank and value in the ITU ICT Development Index,Value,,,1.6
MDG,Madagascar,24720,Country rank and value in the ITU ICT Development Index,Rank,,,165
MDV,Maldives,24703,Active mobile-broadband subscriptions per 100 inhabitants,Value,,,63.6
MDV,Maldives,24719,Country rank and value in the ITU ICT Development Index,Value,,,4.7
MDV,Maldives,24720,Country rank and value in the ITU ICT Development Index,Rank,,,88
MEX,Mexico,24703,Active mobile-broadband subscriptions per 100 inhabitants,Value,,,50.4
MEX,Mexico,24704,"Mobile-cellular monthly subscription charge, in USD",USD,0,,
MEX,Mexico,24719,Country rank and value in the ITU ICT Development Index,Value,,,4.5
MEX,Mexico,24720,Country rank and value in the ITU ICT Development Index,Rank,,,96
MKD,"Macedonia, FYR",24703,Active mobile-broadband subscriptions per 100 inhabitants,Value,,,56.2
MKD,"Macedonia, FYR",24719,Country rank and value in the ITU ICT Development Index,Value,,,5.8
MKD,"Macedonia, FYR",24720,Country rank and value in the ITU ICT Development Index,Rank,,,62
MLI,Mali,24703,Active mobile-broadband subscriptions per 100 inhabitants,Value,,,18.8
MLI,Mali,24719,Country rank and value in the ITU ICT Development Index,Value,,,2
MLI,Mali,24720,Country rank and value in the ITU ICT Development Index,Rank,,,149
MLT,Malta,24703,Active mobile-broadband subscriptions per 100 inhabitants,Value,,,63.2
MLT,Malta,24719,Country rank and value in the ITU ICT Development Index,Value,,,7.5
MLT,Malta,24720,Country rank and value in the ITU ICT Development Index,Rank,,,25
MMR,Myanmar,24703,Active mobile-broadband subscriptions per 100 inhabitants,Value,,,29.5
MMR,Myanmar,24719,Country rank and value in the ITU ICT Development Index,Value,,,2
MMR,Myanmar,24720,Country rank and value in the ITU ICT Development Index,Rank,,,153
MNE,Montenegro,24703,Active mobile-broadband subscriptions per 100 inhabitants,Value,,,43.7
MNE,Montenegro,24719,Country rank and value in the ITU ICT Development Index,Value,,,5.8
MNE,Montenegro,24720,Country rank and value in the ITU ICT Development Index,Rank,,,64
MNG,Mongolia,24703,Active mobile-broadband subscriptions per 100 inhabitants,Value,,,76
MNG,Mongolia,24719,Country rank and value in the ITU ICT Development Index,Value,,,4.5
MNG,Mongolia,24720,Country rank and value in the ITU ICT Development Index,Rank,,,93
MOZ,Mozambique,24703,Active mobile-broadband subscriptions per 100 inhabitants,Value,,,9.4
MOZ,Mozambique,24719,Country rank and value in the ITU ICT Development Index,Value,,,1.6
MOZ,Mozambique,24720,Country rank and value in the ITU ICT Development Index,Rank,,,164
MRT,Mauritania,24703,Active mobile-broadband subscriptions per 100 inhabitants,Value,,,23.1
MRT,Mauritania,24719,Country rank and value in the ITU ICT Development Index,Value,,,1.9
MRT,Mauritania,24720,Country rank and value in the ITU ICT Development Index,Rank,,,154
MUS,Mauritius,24703,Active mobile-broadband subscriptions per 100 inhabitants,Value,,,37
MUS,Mauritius,24719,Country rank and value in the ITU ICT Development Index,Value,,,5.3
MUS,Mauritius,24720,Country rank and value in the ITU ICT Development Index,Rank,,,73
MWI,Malawi,24703,Active mobile-broadband subscriptions per 100 inhabitants,Value,,,16.6
MWI,Malawi,24719,Country rank and value in the ITU ICT Development Index,Value,,,1.5
MWI,Malawi,24720,Country rank and value in the ITU ICT Development Index,Rank,,,168
MYS,Malaysia,24703,Active mobile-broadband subscriptions per 100 inhabitants,Value,,,89.9
MYS,Malaysia,24719,Country rank and value in the ITU ICT Development Index,Value,,,5.6
MYS,Malaysia,24720,Country rank and value in the ITU ICT Development Index,Rank,,,66
NAM,Namibia,24703,Active mobile-broadband subscriptions per 100 inhabitants,Value,,,62.1
NAM,Namibia,24719,Country rank and value in the ITU ICT Development Index,Value,,,3.2
NAM,Namibia,24720,Country rank and value in the ITU ICT Development Index,Rank,,,121
NER,Niger,24703,Active mobile-broadband subscriptions per 100 inhabitants,Value,,,1.8
NER,Niger,24719,Country rank and value in the ITU ICT Development Index,Value,,,1
NER,Niger,24720,Country rank and value in the ITU ICT Development Index,Rank,,,174
NGA,Nigeria,24703,Active mobile-broadband subscriptions per 100 inhabitants,Value,,,21
NGA,Nigeria,24719,Country rank and value in the ITU ICT Development Index,Value,,,2.5
NGA,Nigeria,24720,Country rank and value in the ITU ICT Development Index,Rank,,,137
NIC,Nicaragua,24703,Active mobile-broadband subscriptions per 100 inhabitants,Value,,,7.2
NIC,Nicaragua,24719,Country rank and value in the ITU ICT Development Index,Value,,,2.7
NIC,Nicaragua,24720,Country rank and value in the ITU ICT Development Index,Rank,,,130
NLD,Netherlands,24703,Active mobile-broadband subscriptions per 100 inhabitants,Value,,,70.5
NLD,Netherlands,24719,Country rank and value in the ITU ICT Development Index,Value,,,8.4
NLD,Netherlands,24720,Country rank and value in the ITU ICT Development Index,Rank,,,8
NOR,Norway,24703,Active mobile-broadband subscriptions per 100 inhabitants,Value,,,92.8
NOR,Norway,24719,Country rank and value in the ITU ICT Development Index,Value,,,8.4
NOR,Norway,24720,Country rank and value in the ITU ICT Development Index,Rank,,,9
NPL,Nepal,24703,Active mobile-broadband subscriptions per 100 inhabitants,Value,,,21.1
NPL,Nepal,24719,Country rank and value in the ITU ICT Development Index,Value,,,2.3
NPL,Nepal,24720,Country rank and value in the ITU ICT Development Index,Rank,,,142
NZL,New Zealand,24703,Active mobile-broadband subscriptions per 100 inhabitants,Value,,,114.2
NZL,New Zealand,24719,Country rank and value in the ITU ICT Development Index,Value,,,8.1
NZL,New Zealand,24720,Country rank and value in the ITU ICT Development Index,Rank,,,16
OMN,Oman,24703,Active mobile-broadband subscriptions per 100 inhabitants,Value,,,78.3
OMN,Oman,24719,Country rank and value in the ITU ICT Development Index,Value,,,6
OMN,Oman,24720,Country rank and value in the ITU ICT Development Index,Rank,,,58
PAK,Pakistan,24703,Active mobile-broadband subscriptions per 100 inhabitants,Value,,,13
PAK,Pakistan,24719,Country rank and value in the ITU ICT Development Index,Value,,,2.2
PAK,Pakistan,24720,Country rank and value in the ITU ICT Development Index,Rank,,,145
PAN,Panama,24703,Active mobile-broadband subscriptions per 100 inhabitants,Value,,,32.7
PAN,Panama,24719,Country rank and value in the ITU ICT Development Index,Value,,,4.6
PAN,Panama,24720,Country rank and value in the ITU ICT Development Index,Rank,,,91
PER,Peru,24703,Active mobile-broadband subscriptions per 100 inhabitants,Value,,,36.7
PER,Peru,24719,Country rank and value in the ITU ICT Development Index,Value,,,4.2
PER,Peru,24720,Country rank and value in the ITU ICT Development Index,Rank,,,100
PHL,Philippines,24703,Active mobile-broadband subscriptions per 100 inhabitants,Value,,,41.6
PHL,Philippines,24719,Country rank and value in the ITU ICT Development Index,Value,,,4
PHL,Philippines,24720,Country rank and value in the ITU ICT Development Index,Rank,,,106
PNG,Papua New Guinea,24703,Active mobile-broadband subscriptions per 100 inhabitants,Value,,,6.1
POL,Poland,24703,Active mobile-broadband subscriptions per 100 inhabitants,Value,,,60.2
POL,Poland,24719,Country rank and value in the ITU ICT Development Index,Value,,,6.6
POL,Poland,24720,Country rank and value in the ITU ICT Development Index,Rank,,,47
PRI,Puerto Rico,24703,Active mobile-broadband subscriptions per 100 inhabitants,Value,,,48.7
PRT,Portugal,24703,Active mobile-broadband subscriptions per 100 inhabitants,Value,,,52
PRT,Portugal,24719,Country rank and value in the ITU ICT Development Index,Value,,,6.6
PRT,Portugal,24720,Country rank and value in the ITU ICT Development Index,Rank,,,45
PRY,Paraguay,24703,Active mobile-broadband subscriptions per 100 inhabitants,Value,,,39.2
PRY,Paraguay,24719,Country rank and value in the ITU ICT Development Index,Value,,,3.9
PRY,Paraguay,24720,Country rank and value in the ITU ICT Development Index,Rank,,,107
PYF,French Polynesia,24703,Active mobile-broadband subscriptions per 100 inhabitants,Value,,,26.1
QAT,Qatar,24703,Active mobile-broadband subscriptions per 100 inhabitants,Value,,,80
QAT,Qatar,24719,Country rank and value in the ITU ICT Development Index,Value,,,6.8
QAT,Qatar,24720,Country rank and value in the ITU ICT Development Index,Rank,,,43
ROU,Romania,24703,Active mobile-broadband subscriptions per 100 inhabitants,Value,,,63.5
ROU,Romania,24719,Country rank and value in the ITU ICT Development Index,Value,,,5.9
ROU,Romania,24720,Country rank and value in the ITU ICT Development Index,Rank,,,60
RUS,Russian Federation,24703,Active mobile-broadband subscriptions per 100 inhabitants,Value,,,71.3
RUS,Russian Federation,24719,Country rank and value in the ITU ICT Development Index,Value,,,6.8
RUS,Russian Federation,24720,Country rank and value in the ITU ICT Development Index,Rank,,,42
RWA,Rwanda,24703,Active mobile-broadband subscriptions per 100 inhabitants,Value,,,25.9
RWA,Rwanda,24719,Country rank and value in the ITU ICT Development Index,Value,,,1.8
RWA,Rwanda,24720,Country rank and value in the ITU ICT Development Index,Rank,,,158
SAU,Saudi Arabia,24703,Active mobile-broadband subscriptions per 100 inhabitants,Value,,,111.7
SAU,Saudi Arabia,24719,Country rank and value in the ITU ICT Development Index,Value,,,6.9
SAU,Saudi Arabia,24720,Country rank and value in the ITU ICT Development Index,Rank,,,38
SDN,Sudan,24703,Active mobile-broadband subscriptions per 100 inhabitants,Value,,,29.4
SDN,Sudan,24719,Country rank and value in the ITU ICT Development Index,Value,,,2.6
SDN,Sudan,24720,Country rank and value in the ITU ICT Development Index,Rank,,,134
SEN,Senegal,24703,Active mobile-broadband subscriptions per 100 inhabitants,Value,,,26.4
SEN,Senegal,24719,Country rank and value in the ITU ICT Development Index,Value,,,2.4
SEN,Senegal,24720,Country rank and value in the ITU ICT Development Index,Rank,,,140
SGP,Singapore,24703,Active mobile-broadband subscriptions per 100 inhabitants,Value,,,142.2
SGP,Singapore,24719,Country rank and value in the ITU ICT Development Index,Value,,,7.9
SGP,Singapore,24720,Country rank and value in the ITU ICT Development Index,Rank,,,19
SLB,Solomon Islands,24703,Active mobile-broadband subscriptions per 100 inhabitants,Value,,,11.4
SLB,Solomon Islands,24719,Country rank and value in the ITU ICT Development Index,Value,,,2
SLB,Solomon Islands,24720,Country rank and value in the ITU ICT Development Index,Rank,,,150
SLE,Sierra Leone,24703,Active mobile-broadband subscriptions per 100 inhabitants,Value,,,15.2
SLV,El Salvador,24703,Active mobile-broadband subscriptions per 100 inhabitants,Value,,,19.9
SLV,El Salvador,24719,Country rank and value in the ITU ICT Development Index,Value,,,3.6
SLV,El Salvador,24720,Country rank and value in the ITU ICT Development Index,Rank,,,113
SMR,San Marino,24703,Active mobile-broadband subscriptions per 100 inhabitants,Value,,,108.9
SRB,Serbia,24703,Active mobile-broadband subscriptions per 100 inhabitants,Value,,,71.8
SRB,Serbia,24719,Country rank and value in the ITU ICT Development Index,Value,,,6.4
SRB,Serbia,24720,Country rank and value in the ITU ICT Development Index,Rank,,,51
SSD,South Sudan,24703,Active mobile-broadband subscriptions per 100 inhabitants,Value,,,1.4
SSD,South Sudan,24719,Country rank and value in the ITU ICT Development Index,Value,,,1.4
SSD,South Sudan,24720,Country rank and value in the ITU ICT Development Index,Rank,,,170
SUR,Suriname,24703,Active mobile-broadband subscriptions per 100 inhabitants,Value,,,75.8
SUR,Suriname,24719,Country rank and value in the ITU ICT Development Index,Value,,,"4,89"
SUR,Suriname,24720,Country rank and value in the ITU ICT Development Index,Rank,,,83
SVK,Slovak Republic,24703,Active mobile-broadband subscriptions per 100 inhabitants,Value,,,67.5
SVK,Slovak Republic,24719,Country rank and value in the ITU ICT Development Index,Value,,,6.7
SVK,Slovak Republic,24720,Country rank and value in the ITU ICT Development Index,Rank,,,44
SVN,Slovenia,24703,Active mobile-broadband subscriptions per 100 inhabitants,Value,,,52
SVN,Slovenia,24719,Country rank and value in the ITU ICT Development Index,Value,,,7.1
SVN,Slovenia,24720,Country rank and value in the ITU ICT Development Index,Rank,,,32
SWE,Sweden,24703,Active mobile-broadband subscriptions per 100 inhabitants,Value,,,122.1
SWE,Sweden,24719,Country rank and value in the ITU ICT Development Index,Value,,,8.5
SWE,Sweden,24720,Country rank and value in the ITU ICT Development Index,Rank,,,6
SWZ,Swaziland,24703,Active mobile-broadband subscriptions per 100 inhabitants,Value,,,17
SWZ,Swaziland,24719,Country rank and value in the ITU ICT Development Index,Value,,,2.5
SWZ,Swaziland,24720,Country rank and value in the ITU ICT Development Index,Rank,,,136
SYC,Seychelles,24703,Active mobile-broadband subscriptions per 100 inhabitants,Value,,,19.1
SYC,Seychelles,24719,Country rank and value in the ITU ICT Development Index,Value,,,4.8
SYC,Seychelles,24720,Country rank and value in the ITU ICT Development Index,Rank,,,85
SYR,Syrian Arab Republic,24703,Active mobile-broadband subscriptions per 100 inhabitants,Value,,,10.4
SYR,Syrian Arab Republic,24719,Country rank and value in the ITU ICT Development Index,Value,,,3.2
SYR,Syrian Arab Republic,24720,Country rank and value in the ITU ICT Development Index,Rank,,,120
TCD,Chad,24703,Active mobile-broadband subscriptions per 100 inhabitants,Value,,,1.4
TCD,Chad,24719,Country rank and value in the ITU ICT Development Index,Value,,,1
TCD,Chad,24720,Country rank and value in the ITU ICT Development Index,Rank,,,175
TGO,Togo,24703,Active mobile-broadband subscriptions per 100 inhabitants,Value,,,6
TGO,Togo,24719,Country rank and value in the ITU ICT Development Index,Value,,,1.8
TGO,Togo,24720,Country rank and value in the ITU ICT Development Index,Rank,,,159
THA,Thailand,24703,Active mobile-broadband subscriptions per 100 inhabitants,Value,,,75.3
THA,Thailand,24719,Country rank and value in the ITU ICT Development Index,Value,,,5.1
THA,Thailand,24720,Country rank and value in the ITU ICT Development Index,Rank,,,79
TJK,Tajikistan,24703,Active mobile-broadband subscriptions per 100 inhabitants,Value,,,12.1
TLS,Timor-Leste,24703,Active mobile-broadband subscriptions per 100 inhabitants,Value,,,37.5
TLS,Timor-Leste,24719,Country rank and value in the ITU ICT Development Index,Value,,,2.9
TLS,Timor-Leste,24720,Country rank and value in the ITU ICT Development Index,Rank,,,125
TON,Tonga,24703,Active mobile-broadband subscriptions per 100 inhabitants,Value,,,29.5
TON,Tonga,24719,Country rank and value in the ITU ICT Development Index,Value,,,3.6
TON,Tonga,24720,Country rank and value in the ITU ICT Development Index,Rank,,,114
TTO,Trinidad and Tobago,24703,Active mobile-broadband subscriptions per 100 inhabitants,Value,,,32.2
TTO,Trinidad and Tobago,24719,Country rank and value in the ITU ICT Development Index,Value,,,5.5
TTO,Trinidad and Tobago,24720,Country rank and value in the ITU ICT Development Index,Rank,,,68
TUN,Tunisia,24703,Active mobile-broadband subscriptions per 100 inhabitants,Value,,,62.6
TUN,Tunisia,24719,Country rank and value in the ITU ICT Development Index,Value,,,4.5
TUN,Tunisia,24720,Country rank and value in the ITU ICT Development Index,Rank,,,95
TUR,Turkey,24703,Active mobile-broadband subscriptions per 100 inhabitants,Value,,,50.9
TUR,Turkey,24719,Country rank and value in the ITU ICT Development Index,Value,,,5.5
TUR,Turkey,24720,Country rank and value in the ITU ICT Development Index,Rank,,,69
TZA,Tanzania,24703,Active mobile-broadband subscriptions per 100 inhabitants,Value,,,3.2
TZA,Tanzania,24719,Country rank and value in the ITU ICT Development Index,Value,,,1.5
TZA,Tanzania,24720,Country rank and value in the ITU ICT Development Index,Rank,,,167
UGA,Uganda,24703,Active mobile-broadband subscriptions per 100 inhabitants,Value,,,18.3
UGA,Uganda,24719,Country rank and value in the ITU ICT Development Index,Value,,,1.9
UGA,Uganda,24720,Country rank and value in the ITU ICT Development Index,Rank,,,155
UKR,Ukraine,24703,Active mobile-broadband subscriptions per 100 inhabitants,Value,,,8.1
UKR,Ukraine,24719,Country rank and value in the ITU ICT Development Index,Value,,,5.2
UKR,Ukraine,24720,Country rank and value in the ITU ICT Development Index,Rank,,,76
URY,Uruguay,24703,Active mobile-broadband subscriptions per 100 inhabitants,Value,,,77.7
URY,Uruguay,24719,Country rank and value in the ITU ICT Development Index,Value,,,6.4
URY,Uruguay,24720,Country rank and value in the ITU ICT Development Index,Rank,,,49
USA,United States,24703,Active mobile-broadband subscriptions per 100 inhabitants,Value,,,109.2
USA,United States,24719,Country rank and value in the ITU ICT Development Index,Value,,,8.1
USA,United States,24720,Country rank and value in the ITU ICT Development Index,Rank,,,15
UZB,Uzbekistan,24703,Active mobile-broadband subscriptions per 100 inhabitants,Value,,,28.7
UZB,Uzbekistan,24719,Country rank and value in the ITU ICT Development Index,Value,,,3.8
UZB,Uzbekistan,24720,Country rank and value in the ITU ICT Development Index,Rank,,,110
VCT,St. Vincent and the Grenadines,24703,Active mobile-broadband subscriptions per 100 inhabitants,Value,,,39
VCT,St. Vincent and the Grenadines,24719,Country rank and value in the ITU ICT Development Index,Value,,,5.1
VCT,St. Vincent and the Grenadines,24720,Country rank and value in the ITU ICT Development Index,Rank,,,78
VEN,"Venezuela, RB",24703,Active mobile-broadband subscriptions per 100 inhabitants,Value,,,43
VEN,"Venezuela, RB",24704,"Mobile-cellular monthly subscription charge, in USD",USD,0,,
VEN,"Venezuela, RB",24719,Country rank and value in the ITU ICT Development Index,Value,,,5.2
VEN,"Venezuela, RB",24720,Country rank and value in the ITU ICT Development Index,Rank,,,75
VGB,British Virgin Islands,24703,Active mobile-broadband subscriptions per 100 inhabitants,Value,,,76.4
VNM,Vietnam,24703,Active mobile-broadband subscriptions per 100 inhabitants,Value,,,39
VNM,Vietnam,24719,Country rank and value in the ITU ICT Development Index,Value,,,4
VNM,Vietnam,24720,Country rank and value in the ITU ICT Development Index,Rank,,,104
VUT,Vanuatu,24703,Active mobile-broadband subscriptions per 100 inhabitants,Value,,,41.3
VUT,Vanuatu,24719,Country rank and value in the ITU ICT Development Index,Value,,,2.7
VUT,Vanuatu,24720,Country rank and value in the ITU ICT Development Index,Rank,,,131
WSM,Samoa,24703,Active mobile-broadband subscriptions per 100 inhabitants,Value,,,9.6
WSM,Samoa,24719,Country rank and value in the ITU ICT Development Index,Value,,,2.8
WSM,Samoa,24720,Country rank and value in the ITU ICT Development Index,Rank,,,128
YEM,"Yemen, Rep.",24703,Active mobile-broadband subscriptions per 100 inhabitants,Value,,,5.9
YEM,"Yemen, Rep.",24719,Country rank and value in the ITU ICT Development Index,Value,,,2
YEM,"Yemen, Rep.",24720,Country rank and value in the ITU ICT Development Index,Rank,,,151
ZAF,South Africa,24703,Active mobile-broadband subscriptions per 100 inhabitants,Value,,,59.5
ZAF,South Africa,24719,Country rank and value in the ITU ICT Development Index,Value,,,4.7
ZAF,South Africa,24720,Country rank and value in the ITU ICT Development Index,Rank,,,86
ZMB,Zambia,24703,Active mobile-broadband subscriptions per 100 inhabitants,Value,,,13.8
ZMB,Zambia,24719,Country rank and value in the ITU ICT Development Index,Value,,,2.1
ZMB,Zambia,24720,Country rank and value in the ITU ICT Development Index,Rank,,,148
ZWE,Zimbabwe,24703,Active mobile-broadband subscriptions per 100 inhabitants,Value,,,39
ZWE,Zimbabwe,24719,Country rank and value in the ITU ICT Development Index,Value,,,2.7
ZWE,Zimbabwe,24720,Country rank and value in the ITU ICT Development Index,Rank,,,132
